USE tolly_db;

-- =========================
-- LOOKUP TABLES
-- =========================
INSERT INTO user_statuses (user_status_id, name) VALUES
  (1, 'ACTIVE'),
  (2, 'INACTIVE'),
  (3, 'BLOCKED');

INSERT INTO roles (id, name, authority) VALUES
  (1, 'USER', 'ROLE_USER'),
  (2, 'ADMIN', 'ROLE_ADMIN'),
  (3, 'SUPPLIER', 'ROLE_SUPPLIER'),
  (4, 'CLIENT', 'ROLE_CLIENT');

INSERT INTO reservation_status (id_reservation_status, status_name) VALUES
  (1, 'RESERVED'),
  (2, 'IN_PROGRESS'),
  (3, 'FINISHED'),
  (4, 'CANCELLED'),
  (5, 'IN_INCIDENT');

INSERT INTO payment_status (id_payment_status, name) VALUES
  (1, 'PENDIENTE_DEVOLUCION'),
  (2, 'PAID'),
  (3, 'CANCELLED');

INSERT INTO return_status (id_return_status, name) VALUES
  (1, 'PENDIENTE_DEVOLUCION'),
  (2, 'SENT'),
  (3, 'RECEIVED'),
  (4, 'DAMAGED');

INSERT INTO tool_status (id_tool_status, name) VALUES
  (1, 'AVAILABLE'),
  (2, 'RENTED'),
  (3, 'UNDER_REPAIR'),
  (4, 'UNAVAILABLE');

-- =========================
-- USERS (20)
-- =========================
INSERT INTO users (user_id, email, password, user_status_id) VALUES
  ('00000000-0000-0000-0000-000000000001', 'admin1@tolly.com', '$2a$10$hashhashhashhashhashhashha', 1),
  ('00000000-0000-0000-0000-000000000002', 'supplier1@tolly.com', '$2a$10$hashhashhashhashhashhashha', 1),
  ('00000000-0000-0000-0000-000000000003', 'supplier2@tolly.com', '$2a$10$hashhashhashhashhashhashha', 1),
  ('00000000-0000-0000-0000-000000000004', 'supplier3@tolly.com', '$2a$10$hashhashhashhashhashhashha', 1),
  ('00000000-0000-0000-0000-000000000005', 'supplier4@tolly.com', '$2a$10$hashhashhashhashhashhashha', 1),
  ('00000000-0000-0000-0000-000000000006', 'supplier5@tolly.com', '$2a$10$hashhashhashhashhashhashha', 1),
  ('00000000-0000-0000-0000-000000000007', 'supplier6@tolly.com', '$2a$10$hashhashhashhashhashhashha', 1),
  ('00000000-0000-0000-0000-000000000008', 'supplier7@tolly.com', '$2a$10$hashhashhashhashhashhashha', 1),
  ('00000000-0000-0000-0000-000000000009', 'supplier8@tolly.com', '$2a$10$hashhashhashhashhashhashha', 1),
  ('00000000-0000-0000-0000-000000000010', 'supplier9@tolly.com', '$2a$10$hashhashhashhashhashhashha', 1),
  ('00000000-0000-0000-0000-000000000011', 'supplier10@tolly.com', '$2a$10$hashhashhashhashhashhashha', 1),
  ('00000000-0000-0000-0000-000000000012', 'client1@tolly.com', '$2a$10$hashhashhashhashhashhashha', 1),
  ('00000000-0000-0000-0000-000000000013', 'client2@tolly.com', '$2a$10$hashhashhashhashhashhashha', 1),
  ('00000000-0000-0000-0000-000000000014', 'client3@tolly.com', '$2a$10$hashhashhashhashhashhashha', 1),
  ('00000000-0000-0000-0000-000000000015', 'client4@tolly.com', '$2a$10$hashhashhashhashhashhashha', 1),
  ('00000000-0000-0000-0000-000000000016', 'client5@tolly.com', '$2a$10$hashhashhashhashhashhashha', 1),
  ('00000000-0000-0000-0000-000000000017', 'client6@tolly.com', '$2a$10$hashhashhashhashhashhashha', 1),
  ('00000000-0000-0000-0000-000000000018', 'client7@tolly.com', '$2a$10$hashhashhashhashhashhashha', 1),
  ('00000000-0000-0000-0000-000000000019', 'client8@tolly.com', '$2a$10$hashhashhashhashhashhashha', 1),
  ('00000000-0000-0000-0000-000000000020', 'client9@tolly.com', '$2a$10$hashhashhashhashhashhashha', 1),
  ('00000000-0000-0000-0000-000000000021', 'supplier11@tolly.com', '$2a$10$hashhashhashhashhashhashha', 1),
  ('00000000-0000-0000-0000-000000000022', 'supplier12@tolly.com', '$2a$10$hashhashhashhashhashhashha', 1),
  ('00000000-0000-0000-0000-000000000023', 'supplier13@tolly.com', '$2a$10$hashhashhashhashhashhashha', 1),
  ('00000000-0000-0000-0000-000000000024', 'supplier14@tolly.com', '$2a$10$hashhashhashhashhashhashha', 1),
  ('00000000-0000-0000-0000-000000000025', 'supplier15@tolly.com', '$2a$10$hashhashhashhashhashhashha', 1),
  ('00000000-0000-0000-0000-000000000026', 'supplier16@tolly.com', '$2a$10$hashhashhashhashhashhashha', 1),
  ('00000000-0000-0000-0000-000000000027', 'supplier17@tolly.com', '$2a$10$hashhashhashhashhashhashha', 1),
  ('00000000-0000-0000-0000-000000000028', 'supplier18@tolly.com', '$2a$10$hashhashhashhashhashhashha', 1),
  ('00000000-0000-0000-0000-000000000029', 'supplier19@tolly.com', '$2a$10$hashhashhashhashhashhashha', 1),
  ('00000000-0000-0000-0000-000000000030', 'supplier20@tolly.com', '$2a$10$hashhashhashhashhashhashha', 1),
  ('00000000-0000-0000-0000-000000000031', 'client10@tolly.com', '$2a$10$hashhashhashhashhashhashha', 1),
  ('00000000-0000-0000-0000-000000000032', 'client11@tolly.com', '$2a$10$hashhashhashhashhashhashha', 1),
  ('00000000-0000-0000-0000-000000000033', 'client12@tolly.com', '$2a$10$hashhashhashhashhashhashha', 1),
  ('00000000-0000-0000-0000-000000000034', 'client13@tolly.com', '$2a$10$hashhashhashhashhashhashha', 1),
  ('00000000-0000-0000-0000-000000000035', 'client14@tolly.com', '$2a$10$hashhashhashhashhashhashha', 1),
  ('00000000-0000-0000-0000-000000000036', 'client15@tolly.com', '$2a$10$hashhashhashhashhashhashha', 1),
  ('00000000-0000-0000-0000-000000000037', 'client16@tolly.com', '$2a$10$hashhashhashhashhashhashha', 1),
  ('00000000-0000-0000-0000-000000000038', 'client17@tolly.com', '$2a$10$hashhashhashhashhashhashha', 1),
  ('00000000-0000-0000-0000-000000000039', 'client18@tolly.com', '$2a$10$hashhashhashhashhashhashha', 1),
  ('00000000-0000-0000-0000-000000000040', 'client19@tolly.com', '$2a$10$hashhashhashhashhashhashha', 1);

INSERT INTO user_roles (user_id, role_id) VALUES
  ('00000000-0000-0000-0000-000000000001', 1),
  ('00000000-0000-0000-0000-000000000001', 2),
  ('00000000-0000-0000-0000-000000000002', 1),
  ('00000000-0000-0000-0000-000000000002', 3),
  ('00000000-0000-0000-0000-000000000003', 1),
  ('00000000-0000-0000-0000-000000000003', 3),
  ('00000000-0000-0000-0000-000000000004', 1),
  ('00000000-0000-0000-0000-000000000004', 3),
  ('00000000-0000-0000-0000-000000000005', 1),
  ('00000000-0000-0000-0000-000000000005', 3),
  ('00000000-0000-0000-0000-000000000006', 1),
  ('00000000-0000-0000-0000-000000000006', 3),
  ('00000000-0000-0000-0000-000000000007', 1),
  ('00000000-0000-0000-0000-000000000007', 3),
  ('00000000-0000-0000-0000-000000000008', 1),
  ('00000000-0000-0000-0000-000000000008', 3),
  ('00000000-0000-0000-0000-000000000009', 1),
  ('00000000-0000-0000-0000-000000000009', 3),
  ('00000000-0000-0000-0000-000000000010', 1),
  ('00000000-0000-0000-0000-000000000010', 3),
  ('00000000-0000-0000-0000-000000000011', 1),
  ('00000000-0000-0000-0000-000000000011', 3),
  ('00000000-0000-0000-0000-000000000012', 1),
  ('00000000-0000-0000-0000-000000000012', 4),
  ('00000000-0000-0000-0000-000000000013', 1),
  ('00000000-0000-0000-0000-000000000013', 4),
  ('00000000-0000-0000-0000-000000000014', 1),
  ('00000000-0000-0000-0000-000000000014', 4),
  ('00000000-0000-0000-0000-000000000015', 1),
  ('00000000-0000-0000-0000-000000000015', 4),
  ('00000000-0000-0000-0000-000000000016', 1),
  ('00000000-0000-0000-0000-000000000016', 4),
  ('00000000-0000-0000-0000-000000000017', 1),
  ('00000000-0000-0000-0000-000000000017', 4),
  ('00000000-0000-0000-0000-000000000018', 1),
  ('00000000-0000-0000-0000-000000000018', 4),
  ('00000000-0000-0000-0000-000000000019', 1),
  ('00000000-0000-0000-0000-000000000019', 4),
  ('00000000-0000-0000-0000-000000000020', 1),
  ('00000000-0000-0000-0000-000000000020', 4),
  ('00000000-0000-0000-0000-000000000021', 1),
  ('00000000-0000-0000-0000-000000000021', 3),
  ('00000000-0000-0000-0000-000000000022', 1),
  ('00000000-0000-0000-0000-000000000022', 3),
  ('00000000-0000-0000-0000-000000000023', 1),
  ('00000000-0000-0000-0000-000000000023', 3),
  ('00000000-0000-0000-0000-000000000024', 1),
  ('00000000-0000-0000-0000-000000000024', 3),
  ('00000000-0000-0000-0000-000000000025', 1),
  ('00000000-0000-0000-0000-000000000025', 3),
  ('00000000-0000-0000-0000-000000000026', 1),
  ('00000000-0000-0000-0000-000000000026', 3),
  ('00000000-0000-0000-0000-000000000027', 1),
  ('00000000-0000-0000-0000-000000000027', 3),
  ('00000000-0000-0000-0000-000000000028', 1),
  ('00000000-0000-0000-0000-000000000028', 3),
  ('00000000-0000-0000-0000-000000000029', 1),
  ('00000000-0000-0000-0000-000000000029', 3),
  ('00000000-0000-0000-0000-000000000030', 1),
  ('00000000-0000-0000-0000-000000000030', 3),
  ('00000000-0000-0000-0000-000000000031', 1),
  ('00000000-0000-0000-0000-000000000031', 4),
  ('00000000-0000-0000-0000-000000000032', 1),
  ('00000000-0000-0000-0000-000000000032', 4),
  ('00000000-0000-0000-0000-000000000033', 1),
  ('00000000-0000-0000-0000-000000000033', 4),
  ('00000000-0000-0000-0000-000000000034', 1),
  ('00000000-0000-0000-0000-000000000034', 4),
  ('00000000-0000-0000-0000-000000000035', 1),
  ('00000000-0000-0000-0000-000000000035', 4),
  ('00000000-0000-0000-0000-000000000036', 1),
  ('00000000-0000-0000-0000-000000000036', 4),
  ('00000000-0000-0000-0000-000000000037', 1),
  ('00000000-0000-0000-0000-000000000037', 4),
  ('00000000-0000-0000-0000-000000000038', 1),
  ('00000000-0000-0000-0000-000000000038', 4),
  ('00000000-0000-0000-0000-000000000039', 1),
  ('00000000-0000-0000-0000-000000000039', 4),
  ('00000000-0000-0000-0000-000000000040', 1),
  ('00000000-0000-0000-0000-000000000040', 4);

-- =========================
-- CLIENTS (10) & SUPPLIERS (10)
-- =========================
INSERT INTO clients (id, user_id, first_name, last_name, document_id, address, phone_number) VALUES
  (1, '00000000-0000-0000-0000-000000000012', 'Juan', 'Perez', 'C001', 'Calle 1', '3000000001'),
  (2, '00000000-0000-0000-0000-000000000013', 'Ana', 'Gomez', 'C002', 'Calle 2', '3000000002'),
  (3, '00000000-0000-0000-0000-000000000014', 'Luis', 'Diaz', 'C003', 'Calle 3', '3000000003'),
  (4, '00000000-0000-0000-0000-000000000015', 'Maria', 'Lopez', 'C004', 'Calle 4', '3000000004'),
  (5, '00000000-0000-0000-0000-000000000016', 'Carlos', 'Ruiz', 'C005', 'Calle 5', '3000000005'),
  (6, '00000000-0000-0000-0000-000000000017', 'Laura', 'Torres', 'C006', 'Calle 6', '3000000006'),
  (7, '00000000-0000-0000-0000-000000000018', 'Miguel', 'Soto', 'C007', 'Calle 7', '3000000007'),
  (8, '00000000-0000-0000-0000-000000000019', 'Sofia', 'Vega', 'C008', 'Calle 8', '3000000008'),
  (9, '00000000-0000-0000-0000-000000000020', 'Pedro', 'Ramos', 'C009', 'Calle 9', '3000000009'),
  (10, '00000000-0000-0000-0000-000000000011', 'Paula', 'Rey', 'C010', 'Calle 10', '3000000010'),
  (11, '00000000-0000-0000-0000-000000000031', 'Diana', 'Mora', 'C011', 'Calle 11', '3000000011'),
  (12, '00000000-0000-0000-0000-000000000032', 'Andres', 'Paz', 'C012', 'Calle 12', '3000000012'),
  (13, '00000000-0000-0000-0000-000000000033', 'Camila', 'Rios', 'C013', 'Calle 13', '3000000013'),
  (14, '00000000-0000-0000-0000-000000000034', 'Jorge', 'Gallo', 'C014', 'Calle 14', '3000000014'),
  (15, '00000000-0000-0000-0000-000000000035', 'Paola', 'Nieto', 'C015', 'Calle 15', '3000000015'),
  (16, '00000000-0000-0000-0000-000000000036', 'Ricardo', 'Soto', 'C016', 'Calle 16', '3000000016'),
  (17, '00000000-0000-0000-0000-000000000037', 'Laura', 'Herrera', 'C017', 'Calle 17', '3000000017'),
  (18, '00000000-0000-0000-0000-000000000038', 'Oscar', 'Nunez', 'C018', 'Calle 18', '3000000018'),
  (19, '00000000-0000-0000-0000-000000000039', 'Violeta', 'Saenz', 'C019', 'Calle 19', '3000000019'),
  (20, '00000000-0000-0000-0000-000000000040', 'Felipe', 'Castro', 'C020', 'Calle 20', '3000000020');

INSERT INTO suppliers (id_supplier, user_id, phone, company_name, identification, contact_name) VALUES
  (1, '00000000-0000-0000-0000-000000000002', '3100000001', 'Proveedor 1', 'S001', 'Contacto 1'),
  (2, '00000000-0000-0000-0000-000000000003', '3100000002', 'Proveedor 2', 'S002', 'Contacto 2'),
  (3, '00000000-0000-0000-0000-000000000004', '3100000003', 'Proveedor 3', 'S003', 'Contacto 3'),
  (4, '00000000-0000-0000-0000-000000000005', '3100000004', 'Proveedor 4', 'S004', 'Contacto 4'),
  (5, '00000000-0000-0000-0000-000000000006', '3100000005', 'Proveedor 5', 'S005', 'Contacto 5'),
  (6, '00000000-0000-0000-0000-000000000007', '3100000006', 'Proveedor 6', 'S006', 'Contacto 6'),
  (7, '00000000-0000-0000-0000-000000000008', '3100000007', 'Proveedor 7', 'S007', 'Contacto 7'),
  (8, '00000000-0000-0000-0000-000000000009', '3100000008', 'Proveedor 8', 'S008', 'Contacto 8'),
  (9, '00000000-0000-0000-0000-000000000010', '3100000009', 'Proveedor 9', 'S009', 'Contacto 9'),
  (10, '00000000-0000-0000-0000-000000000001', '3100000010', 'Proveedor 10', 'S010', 'Contacto 10'),
  (11, '00000000-0000-0000-0000-000000000021', '3100000011', 'Proveedor 11', 'S011', 'Contacto 11'),
  (12, '00000000-0000-0000-0000-000000000022', '3100000012', 'Proveedor 12', 'S012', 'Contacto 12'),
  (13, '00000000-0000-0000-0000-000000000023', '3100000013', 'Proveedor 13', 'S013', 'Contacto 13'),
  (14, '00000000-0000-0000-0000-000000000024', '3100000014', 'Proveedor 14', 'S014', 'Contacto 14'),
  (15, '00000000-0000-0000-0000-000000000025', '3100000015', 'Proveedor 15', 'S015', 'Contacto 15'),
  (16, '00000000-0000-0000-0000-000000000026', '3100000016', 'Proveedor 16', 'S016', 'Contacto 16'),
  (17, '00000000-0000-0000-0000-000000000027', '3100000017', 'Proveedor 17', 'S017', 'Contacto 17'),
  (18, '00000000-0000-0000-0000-000000000028', '3100000018', 'Proveedor 18', 'S018', 'Contacto 18'),
  (19, '00000000-0000-0000-0000-000000000029', '3100000019', 'Proveedor 19', 'S019', 'Contacto 19'),
  (20, '00000000-0000-0000-0000-000000000030', '3100000020', 'Proveedor 20', 'S020', 'Contacto 20');

-- =========================
-- CATEGORIES (20)
-- =========================
INSERT INTO categories (id_category, name) VALUES
  (1, 'Taladros'), (2, 'Sierras'), (3, 'Andamios'), (4, 'Compresores'), (5, 'Soldadoras'),
  (6, 'Mezcladoras'), (7, 'Martillos'), (8, 'Generadores'), (9, 'Bombas'), (10, 'Pulidoras'),
  (11, 'Cortadoras'), (12, 'Lijadoras'), (13, 'Escaleras'), (14, 'Niveladores'), (15, 'Pistolas'),
  (16, 'Tubos'), (17, 'Llaves'), (18, 'Escuadras'), (19, 'Prensas'), (20, 'Cables');

-- =========================
-- TOOLS (20)
-- =========================
INSERT INTO tools (id_tool, name, description, daily_price, total_quantity, available_quantity, id_tool_status, id_supplier, id_category) VALUES
  (1, 'Taladro 1', 'Taladro profesional', 20.00, 10, 10, 1, 1, 1),
  (2, 'Taladro 2', 'Taladro compacto', 18.00, 8, 8, 1, 2, 1),
  (3, 'Sierra 1', 'Sierra circular', 25.00, 6, 6, 1, 3, 2),
  (4, 'Andamio 1', 'Andamio modular', 40.00, 5, 5, 1, 4, 3),
  (5, 'Compresor 1', 'Compresor 50L', 35.00, 4, 4, 1, 5, 4),
  (6, 'Soldadora 1', 'Soldadora inverter', 30.00, 7, 7, 1, 6, 5),
  (7, 'Mezcladora 1', 'Mezcladora cemento', 45.00, 3, 3, 1, 7, 6),
  (8, 'Martillo 1', 'Martillo demoledor', 28.00, 5, 5, 1, 8, 7),
  (9, 'Generador 1', 'Generador 5kW', 60.00, 2, 2, 1, 9, 8),
  (10, 'Bomba 1', 'Bomba de agua', 22.00, 6, 6, 1, 10, 9),
  (11, 'Pulidora 1', 'Pulidora angular', 15.00, 9, 9, 1, 1, 10),
  (12, 'Cortadora 1', 'Cortadora metal', 27.00, 4, 4, 1, 2, 11),
  (13, 'Lijadora 1', 'Lijadora orbital', 12.00, 8, 8, 1, 3, 12),
  (14, 'Escalera 1', 'Escalera aluminio', 10.00, 12, 12, 1, 4, 13),
  (15, 'Nivelador 1', 'Nivel laser', 26.00, 5, 5, 1, 5, 14),
  (16, 'Pistola 1', 'Pistola pintura', 19.00, 6, 6, 1, 6, 15),
  (17, 'Tubo 1', 'Tubo industrial', 8.00, 15, 15, 1, 7, 16),
  (18, 'Llave 1', 'Llave impacto', 14.00, 10, 10, 1, 8, 17),
  (19, 'Escuadra 1', 'Escuadra metal', 9.00, 20, 20, 1, 9, 18),
  (20, 'Prensa 1', 'Prensa hidráulica', 50.00, 2, 2, 1, 10, 19);

INSERT INTO tool_images (id_image, id_tool, image_url) VALUES
  (1, 1, 'img/tool1.png'), (2, 2, 'img/tool2.png'), (3, 3, 'img/tool3.png'), (4, 4, 'img/tool4.png'),
  (5, 5, 'img/tool5.png'), (6, 6, 'img/tool6.png'), (7, 7, 'img/tool7.png'), (8, 8, 'img/tool8.png'),
  (9, 9, 'img/tool9.png'), (10, 10, 'img/tool10.png'), (11, 11, 'img/tool11.png'), (12, 12, 'img/tool12.png'),
  (13, 13, 'img/tool13.png'), (14, 14, 'img/tool14.png'), (15, 15, 'img/tool15.png'), (16, 16, 'img/tool16.png'),
  (17, 17, 'img/tool17.png'), (18, 18, 'img/tool18.png'), (19, 19, 'img/tool19.png'), (20, 20, 'img/tool20.png');

-- =========================
-- RESERVATIONS & DETAILS (20)
-- =========================
INSERT INTO reservations (id_reservation, client_id, start_date, end_date, total, id_reservation_status, created_at) VALUES
  (1, 1, '2026-02-01', '2026-02-03', 60.00, 2, '2026-02-01'),
  (2, 2, '2026-02-02', '2026-02-05', 90.00, 2, '2026-02-02'),
  (3, 3, '2026-02-03', '2026-02-04', 40.00, 1, '2026-02-03'),
  (4, 4, '2026-02-04', '2026-02-06', 75.00, 3, '2026-02-04'),
  (5, 5, '2026-02-05', '2026-02-08', 120.00, 2, '2026-02-05'),
  (6, 6, '2026-02-06', '2026-02-07', 28.00, 1, '2026-02-06'),
  (7, 7, '2026-02-07', '2026-02-10', 90.00, 2, '2026-02-07'),
  (8, 8, '2026-02-08', '2026-02-09', 22.00, 4, '2026-02-08'),
  (9, 9, '2026-02-09', '2026-02-11', 52.00, 2, '2026-02-09'),
  (10, 10, '2026-02-10', '2026-02-12', 100.00, 5, '2026-02-10'),
  (11, 1, '2026-02-11', '2026-02-13', 60.00, 2, '2026-02-11'),
  (12, 2, '2026-02-12', '2026-02-14', 36.00, 2, '2026-02-12'),
  (13, 3, '2026-02-13', '2026-02-15', 50.00, 1, '2026-02-13'),
  (14, 4, '2026-02-14', '2026-02-16', 80.00, 2, '2026-02-14'),
  (15, 5, '2026-02-15', '2026-02-17', 70.00, 2, '2026-02-15'),
  (16, 6, '2026-02-16', '2026-02-18', 44.00, 3, '2026-02-16'),
  (17, 7, '2026-02-17', '2026-02-19', 30.00, 2, '2026-02-17'),
  (18, 8, '2026-02-18', '2026-02-20', 54.00, 2, '2026-02-18'),
  (19, 9, '2026-02-19', '2026-02-21', 18.00, 1, '2026-02-19'),
  (20, 10, '2026-02-20', '2026-02-22', 100.00, 2, '2026-02-20');

INSERT INTO reservation_detail (id_reservation_detail, id_tool, id_reservation, daily_price, rental_days, quantity, subtotal) VALUES
  (1, 1, 1, 20.00, 2, 1, 40.00),
  (2, 2, 2, 18.00, 3, 1, 54.00),
  (3, 3, 3, 25.00, 1, 1, 25.00),
  (4, 4, 4, 40.00, 2, 1, 80.00),
  (5, 5, 5, 35.00, 3, 1, 105.00),
  (6, 6, 6, 30.00, 1, 1, 30.00),
  (7, 7, 7, 45.00, 3, 1, 135.00),
  (8, 8, 8, 28.00, 1, 1, 28.00),
  (9, 9, 9, 60.00, 2, 1, 120.00),
  (10, 10, 10, 22.00, 2, 1, 44.00),
  (11, 11, 11, 15.00, 2, 1, 30.00),
  (12, 12, 12, 27.00, 2, 1, 54.00),
  (13, 13, 13, 12.00, 2, 1, 24.00),
  (14, 14, 14, 10.00, 2, 1, 20.00),
  (15, 15, 15, 26.00, 2, 1, 52.00),
  (16, 16, 16, 19.00, 2, 1, 38.00),
  (17, 17, 17, 8.00, 2, 1, 16.00),
  (18, 18, 18, 14.00, 2, 1, 28.00),
  (19, 19, 19, 9.00, 2, 1, 18.00),
  (20, 20, 20, 50.00, 2, 1, 100.00);

-- =========================
-- RETURNS (10) & DETAILS (10)
-- =========================
INSERT INTO returns (id_return, id_reservation, id_client, return_date, id_return_status, observations) VALUES
  (1, 1, 1, '2026-02-04', 3, 'OK'),
  (2, 2, 2, '2026-02-06', 4, 'Damaged'),
  (3, 3, 3, '2026-02-05', 2, 'Sent'),
  (4, 4, 4, '2026-02-07', 3, 'OK'),
  (5, 5, 5, '2026-02-09', 1, 'Pending'),
  (6, 6, 6, '2026-02-08', 3, 'OK'),
  (7, 7, 7, '2026-02-11', 3, 'OK'),
  (8, 8, 8, '2026-02-10', 4, 'Damaged'),
  (9, 9, 9, '2026-02-12', 3, 'OK'),
  (10, 10, 10, '2026-02-13', 3, 'OK');

INSERT INTO return_detail (id_return_detail, id_return, id_tool, quantity, observations) VALUES
  (1, 1, 1, 1, 'OK'),
  (2, 2, 2, 1, 'Damaged'),
  (3, 3, 3, 1, 'Sent'),
  (4, 4, 4, 1, 'OK'),
  (5, 5, 5, 1, 'Pending'),
  (6, 6, 6, 1, 'OK'),
  (7, 7, 7, 1, 'OK'),
  (8, 8, 8, 1, 'Damaged'),
  (9, 9, 9, 1, 'OK'),
  (10, 10, 10, 1, 'OK');

-- =========================
-- PAYMENTS (20), INVOICES (20), INVOICE DETAIL (20)
-- =========================
INSERT INTO payments (id_payment, id_reservation, amount, payment_date, id_payment_status) VALUES
  (1, 1, 60.00, '2026-02-01 10:00:00', 2),
  (2, 2, 90.00, '2026-02-02 10:00:00', 2),
  (3, 3, 40.00, NULL, 1),
  (4, 4, 75.00, '2026-02-04 10:00:00', 2),
  (5, 5, 120.00, '2026-02-05 10:00:00', 2),
  (6, 6, 28.00, NULL, 1),
  (7, 7, 90.00, '2026-02-07 10:00:00', 2),
  (8, 8, 22.00, NULL, 3),
  (9, 9, 52.00, '2026-02-09 10:00:00', 2),
  (10, 10, 100.00, '2026-02-10 10:00:00', 2),
  (11, 11, 60.00, '2026-02-11 10:00:00', 2),
  (12, 12, 36.00, '2026-02-12 10:00:00', 2),
  (13, 13, 50.00, NULL, 1),
  (14, 14, 80.00, '2026-02-14 10:00:00', 2),
  (15, 15, 70.00, '2026-02-15 10:00:00', 2),
  (16, 16, 44.00, '2026-02-16 10:00:00', 2),
  (17, 17, 30.00, '2026-02-17 10:00:00', 2),
  (18, 18, 54.00, '2026-02-18 10:00:00', 2),
  (19, 19, 18.00, NULL, 1),
  (20, 20, 100.00, '2026-02-20 10:00:00', 2);

INSERT INTO invoices (id_invoice, code, id_payment, issue_date, total) VALUES
  (1, 'INV-20260201-000001', 1, '2026-02-01 10:05:00', 60.00),
  (2, 'INV-20260202-000002', 2, '2026-02-02 10:05:00', 90.00),
  (3, 'INV-20260204-000004', 4, '2026-02-04 10:05:00', 75.00),
  (4, 'INV-20260205-000005', 5, '2026-02-05 10:05:00', 120.00),
  (5, 'INV-20260207-000007', 7, '2026-02-07 10:05:00', 90.00),
  (6, 'INV-20260209-000009', 9, '2026-02-09 10:05:00', 52.00),
  (7, 'INV-20260210-000010', 10, '2026-02-10 10:05:00', 100.00),
  (8, 'INV-20260211-000011', 11, '2026-02-11 10:05:00', 60.00),
  (9, 'INV-20260212-000012', 12, '2026-02-12 10:05:00', 36.00),
  (10, 'INV-20260214-000014', 14, '2026-02-14 10:05:00', 80.00),
  (11, 'INV-20260215-000015', 15, '2026-02-15 10:05:00', 70.00),
  (12, 'INV-20260216-000016', 16, '2026-02-16 10:05:00', 44.00),
  (13, 'INV-20260217-000017', 17, '2026-02-17 10:05:00', 30.00),
  (14, 'INV-20260218-000018', 18, '2026-02-18 10:05:00', 54.00),
  (15, 'INV-20260220-000020', 20, '2026-02-20 10:05:00', 100.00),
  (16, 'INV-20260221-000021', 1, '2026-02-21 10:05:00', 60.00),
  (17, 'INV-20260222-000022', 2, '2026-02-22 10:05:00', 90.00),
  (18, 'INV-20260223-000023', 4, '2026-02-23 10:05:00', 75.00),
  (19, 'INV-20260224-000024', 5, '2026-02-24 10:05:00', 120.00),
  (20, 'INV-20260225-000025', 7, '2026-02-25 10:05:00', 90.00);

INSERT INTO invoice_detail (id_invoice_detail, id_invoice, id_tool, daily_price, rental_days, subtotal) VALUES
  (1, 1, 1, 20.00, 2, 40.00),
  (2, 2, 2, 18.00, 3, 54.00),
  (3, 3, 4, 40.00, 2, 80.00),
  (4, 4, 5, 35.00, 3, 105.00),
  (5, 5, 7, 45.00, 3, 135.00),
  (6, 6, 9, 60.00, 2, 120.00),
  (7, 7, 10, 22.00, 2, 44.00),
  (8, 8, 11, 15.00, 2, 30.00),
  (9, 9, 12, 27.00, 2, 54.00),
  (10, 10, 14, 10.00, 2, 20.00),
  (11, 11, 15, 26.00, 2, 52.00),
  (12, 12, 16, 19.00, 2, 38.00),
  (13, 13, 17, 8.00, 2, 16.00),
  (14, 14, 18, 14.00, 2, 28.00),
  (15, 15, 20, 50.00, 2, 100.00),
  (16, 16, 1, 20.00, 2, 40.00),
  (17, 17, 2, 18.00, 3, 54.00),
  (18, 18, 4, 40.00, 2, 80.00),
  (19, 19, 5, 35.00, 3, 105.00),
  (20, 20, 7, 45.00, 3, 135.00);

-- =========================
-- REFRESH TOKENS (20)
-- =========================
INSERT INTO refresh_tokens (id, user_id, token, expires_at, revoked) VALUES
  ('10000000-0000-0000-0000-000000000001', '00000000-0000-0000-0000-000000000001', 'rt1', '2026-12-01 00:00:00', 0),
  ('10000000-0000-0000-0000-000000000002', '00000000-0000-0000-0000-000000000002', 'rt2', '2026-12-01 00:00:00', 0),
  ('10000000-0000-0000-0000-000000000003', '00000000-0000-0000-0000-000000000003', 'rt3', '2026-12-01 00:00:00', 0),
  ('10000000-0000-0000-0000-000000000004', '00000000-0000-0000-0000-000000000004', 'rt4', '2026-12-01 00:00:00', 0),
  ('10000000-0000-0000-0000-000000000005', '00000000-0000-0000-0000-000000000005', 'rt5', '2026-12-01 00:00:00', 0),
  ('10000000-0000-0000-0000-000000000006', '00000000-0000-0000-0000-000000000006', 'rt6', '2026-12-01 00:00:00', 0),
  ('10000000-0000-0000-0000-000000000007', '00000000-0000-0000-0000-000000000007', 'rt7', '2026-12-01 00:00:00', 0),
  ('10000000-0000-0000-0000-000000000008', '00000000-0000-0000-0000-000000000008', 'rt8', '2026-12-01 00:00:00', 0),
  ('10000000-0000-0000-0000-000000000009', '00000000-0000-0000-0000-000000000009', 'rt9', '2026-12-01 00:00:00', 0),
  ('10000000-0000-0000-0000-000000000010', '00000000-0000-0000-0000-000000000010', 'rt10', '2026-12-01 00:00:00', 0),
  ('10000000-0000-0000-0000-000000000011', '00000000-0000-0000-0000-000000000011', 'rt11', '2026-12-01 00:00:00', 0),
  ('10000000-0000-0000-0000-000000000012', '00000000-0000-0000-0000-000000000012', 'rt12', '2026-12-01 00:00:00', 0),
  ('10000000-0000-0000-0000-000000000013', '00000000-0000-0000-0000-000000000013', 'rt13', '2026-12-01 00:00:00', 0),
  ('10000000-0000-0000-0000-000000000014', '00000000-0000-0000-0000-000000000014', 'rt14', '2026-12-01 00:00:00', 0),
  ('10000000-0000-0000-0000-000000000015', '00000000-0000-0000-0000-000000000015', 'rt15', '2026-12-01 00:00:00', 0),
  ('10000000-0000-0000-0000-000000000016', '00000000-0000-0000-0000-000000000016', 'rt16', '2026-12-01 00:00:00', 0),
  ('10000000-0000-0000-0000-000000000017', '00000000-0000-0000-0000-000000000017', 'rt17', '2026-12-01 00:00:00', 0),
  ('10000000-0000-0000-0000-000000000018', '00000000-0000-0000-0000-000000000018', 'rt18', '2026-12-01 00:00:00', 0),
  ('10000000-0000-0000-0000-000000000019', '00000000-0000-0000-0000-000000000019', 'rt19', '2026-12-01 00:00:00', 0),
  ('10000000-0000-0000-0000-000000000020', '00000000-0000-0000-0000-000000000020', 'rt20', '2026-12-01 00:00:00', 0);
